<?xml version="1.0" encoding="UTF-8"?>
<configuration>
 
    <property name="LOGS" value="./logs" />
 
    <appender name="console"
        class="ch.qos.logback.core.ConsoleAppender">
        <layout class="ch.qos.logback.classic.PatternLayout">
            <Pattern>
                %black(%d{ISO8601}) %highlight(%-5level) [%blue(%t)] %yellow(%C{1.}): %msg%n%throwable
            </Pattern>
        </layout>
    </appender>
 
    <appender name="file"
        class="ch.qos.logback.core.rolling.RollingFileAppender">
        <file>${LOGS}/application-logger.log</file>
        <encoder
            class="ch.qos.logback.classic.encoder.PatternLayoutEncoder">
            <Pattern>%d %p %C{1.} [%t] %m%n</Pattern>
        </encoder>
 
        <rollingPolicy
            class="ch.qos.logback.core.rolling.TimeBasedRollingPolicy">
            <!-- rollover daily and when the file reaches 10 MegaBytes -->
            <fileNamePattern>${LOGS}/archived/application-logger-%d{yyyy-MM-dd}.%i.log
            </fileNamePattern>
            <timeBasedFileNamingAndTriggeringPolicy
                class="ch.qos.logback.core.rolling.SizeAndTimeBasedFNATP">
                <maxFileSize>10MB</maxFileSize>
            </timeBasedFileNamingAndTriggeringPolicy>
        </rollingPolicy>
    </appender>

    <!-- LOG everything at INFO level -->

    <root level="info">
        <appender-ref ref="file" />
        <appender-ref ref="console" />
    </root>

    <!-- LOG "com.rap*" at TRACE level
    너무 많은 Log로 인해 mode를 info로 설정함.
    -->
    <logger name="com.rap" level="info" additivity="false">
        <appender-ref ref="file" />
        <appender-ref ref="console" />
    </logger>

    <!-- SQL LOG at TRACE level Database Log는 Trace mode로 설정하여 개발시 SQL을 볼수 있도록 함.
     운영 환경에서는 변경을 해야 함.
     -->
    <logger name="com.rap.omc.dataaccess.trace" level="trace" additivity="false">
        <appender-ref ref="file" />
        <appender-ref ref="console" />
    </logger>

    <!-- atomiko에 대한 Warning을 처리하기 위한 것임. -->
    <logger name="com.atomikos">
        <level value="error" />
    </logger>
    <logger name="springfox.documentation.swagger.readers.operation">
        <level value="error" />
    </logger>
</configuration>